"Timestamp","Name of author","Title of Paper","published year","remarks","Comments"
"2023/02/02 2:48:11 pm GMT+5:30","Bhargav Rajyagor, Rajnish Rakhila","Hand written Character Recognition using Deep Learning","2020-03-02","By using ANN(90.19%) . Deep Belief network (97.20%) CNN (94.9%) DNN (deep neural network) 93.3%.DBN 99.13%. CNN (99.40%) ","In deep learning CNN and DBN got high accuracy"
"2023/02/02 2:56:21 pm GMT+5:30","Bhargav Rajyagor, Rajnish Rakhila","Hand written recognition using Deep Learning","2020-03-03","ANN (90.19%) 
DBN(97.20%) 
CNN(94.9%) 
DNN(93.3%) 
DBN(99.13%) 
CNN(99.40%) ","In deep learning DBN and CNN giving maximum accuracy"
"2023/02/02 3:15:50 pm GMT+5:30","Rabia KARAKAYA ,serap CAKAR","Hand Written Digit Recognition using Machine Learning","2020-08-01","`SVM (90%)
Decision Tree(87%)
Random Forest(97%)
ANN (97%)
KNN (98%)
K-Means (98%)","Svm in the field handwriting digit recognition is quite common. svm based on statistical learning method have some advantages when compared with other classification algorithms .
in unsupervised machine learning algorithms k-means given high accuracy.
A little more prediction and randomness predominate in random forests."
"2023/02/06 8:12:52 pm GMT+5:30","Baki Koyuncu , Hakan Koyuncu","Hand\written Character Recognition by using Convolutional Deep Neural Network ","2019-03-23","contrast with other deep learning architectures. CNN has preferable execution in both images and big data.","CNN is most preferable than other machine or deep algorithms"
"2023/02/06 8:43:36 pm GMT+5:30","Rikit Dixit,Rishika Kushwah,Samay Pashine","Handwritten Digit Recognition using Machine and Deep Learning Algorithms","2021-06-23","we have used an SVM support vector machine,multi-layer Perceptron, and convolutional neural networks we aim to compare the accuracy of the models to get the best possible model for digit recognition. SVM gives to have the highest accuracy for training data whereas CNN have high accuracy on testing data. so we consider CNN than SVM ","The reliance on humans over machines has never been so high that from object classification in photographs to adding sound to silent movies everything can be performed with the help of deep learning and machine learning algorithms, number recognition plate, postal mail sorting, bank check processing etc"
"2023/02/06 8:59:57 pm GMT+5:30","Chandrika saha,Rahat Hossain Faisal and Md. Mostafijur Rahman","Bangla Handwritten Digit Recognition Using an Improved Deep Convolutional Neural Network Architecture","2019-02-07","DCNN is used to create a model . our model gives the accuracy of 99.9% on training datatset and 97.6% on testing data","The data set used is CMATERdb.increases in data may increase the accuracy of testing data"
"2023/02/06 10:01:55 pm GMT+5:30","Apaar Chadha,Gaurav Yadav,Keshav Ahlawat","Hand Written Digit Recognition system using machine learning","2022-03-03","proximal svm-98%
multi layer perceptron-90%
svm-87%
Random Forest-85%
Bayes Net-84%
Naive Bayes-81%Random Tree-75%","MNIST data set is used. after finding the accuracy it will use GUI based approach to find the digit."